Station,Median_Income_$,Population,%_Students,%_No_Vehicle,Low_Income_Tracts,AC_Routes,Daily_Bus_Trips,BART_Daily_Riders,Mean_Delay_Sec,Excess_Wait_Time_Min,mean_delay_sec,on_time_rate,excess_wait_time_sec,mean_sched_headway_sec,mean_actual_headway_sec,reliability_index_act,excess_wait_time_min,mean_delay_min,on_time_rate_pct,Pre-COVID,During COVID,Post-COVID,COVID_Drop_%,Recovery_%,Transit_Dependency_Score,Service_Quality_Score,Income_Category
Ashby,103532.0,27495,9.3,14.9,0,5,1231,1487.0,,,23.155844155844154,0.021680216802168,396.20326086956527,192.14673913043478,588.35,1.3750833333333332,6.6,0.39,2.2,5022.621669209256,1113.6269368524518,1487.163721845787,-77.8,-70.4,11.2,-1.0,Non-Low-Income Area
Downtown Berkeley,63596.0,38612,34.6,33.2,3,7,848,4170.0,,,21.545454545454547,0.0203252032520325,378.3032608695652,192.14673913043478,570.45,1.6780882352941175,6.31,0.36,2.0,11566.352539038637,2569.361569114101,4169.721945385532,-77.8,-63.9,24.3,-1.0,Low-Income Area
North Berkeley,95556.0,21838,8.8,15.6,0,3,318,1319.0,,,30.958333333333332,0.0203252032520325,367.00750988142295,192.06521739130434,559.0727272727272,2.073452818627451,6.12,0.52,2.0,4278.62141494354,878.7498474584572,1318.6809962983878,-79.5,-69.2,9.6,-0.9,Non-Low-Income Area
